Proposed BICAN Field Name,BICAN UUID,Label,Variable (short) name,definition,short description,human readable label,is_required,NBB permissible values (incl. null),NBB permissible value descriptions,Specimen Portal permissible values,Reconciliation Notes,MOWG Recommendation,Permissible Values,data type,version,version date,sub domain name,domain name,size,min value,max value,measurement type
subject_id,f8af20f7-e8b8-47b5-8a68-9ec1f913ffdf,Local Donor ID,subject_id,,,,,,,,Not clear if these refer to the same ID,It seems that this is intended to refer to the actual donor/subject at an organism level. I think 'donor id' works best for disambiguation. ,,text,1,6/6/23,General Subject Fields,Donor Metadata,,,,
repository,408682ed-0e27-41e2-b9fa-f05674366d6e,Repository,repository,,,,,,,[TBD; Miami; Mt. Sinai; Sepulveda; Harvard; Maryland Psychiatric; HBCC; Maryland; Pittsburgh; UCLA],,,,inclusive_categorical,1,6/6/23,General Subject Fields,Donor Metadata,,,,
donor_source,0d0cf732-0f76-409d-9a73-7a96d829d3d3,Donor Source,donor_source,,,,,,,[BICAN-NBB; Donor from NIH NeuroBioBank|BICAN-UM1; BICAN-UM1; Donor from UM1 project|Other; Other],,,[Donor Source CV],inclusive_categorical,1,6/6/23,General Subject Fields,Donor Metadata,,,,
ethnicity,918370df-49f6-4361-9c52-f46b16412980,Ethnicity,ethnicity,,,,,[Hispanic or Latino;  Not Hispanic or Latino;  Unknown; Not reported],"[A person of Mexican Puerto Rican Cuban Central or South American Iberian Peninsula or other Spanish culture or origin regardless of race; 
A person not meeting the definition for Hispanic or Latino; 
Could not be determined or unsure; 
Not provided or available]",[Hispanic or Latino;  Not Hispanic or Latino;  Unknown; Not reported],CDE: C00020,Use values in NBB and SP (these are from https://cde.nlm.nih.gov/deView?tinyId=PtRlg7yLP_),[Ethnicity CV],exclusive_categorical,1,6/6/23,General Subject Fields,Donor Metadata,,,,
race,e515c009-550e-4f9c-b1b6-fc876a6fb2a8,Race,race,,,,,[American Indian or Alaska Native; Asian; Black or African-American; Native Hawaiian or Other Pacific Islander; White; Unknown; Not reported],"[A person having origins in any of the original peoples of North and South America (including Central America) and who maintains tribal affiliation or community attachment; 
A person having origins in any of the original peoples of the Far East Southeast Asia or the Indian subcontinent including e.g. Cambodia China India Japan Korea Malaysia Pakistan the Philippine Islands Thailand and Vietnam; 
A person having origins in any of the black racial groups of Africa. Terms such as Haitian or Negro can be used in addition to Black or African American; 
Denotes a person having origins in any of the original peoples of Hawaii Guam Samoa or other Pacific Islands. The term covers particularly people who identify themselves as Native Hawaiian Guamanian or Chamorro Carolinian Samoan Chuu;  
Denotes a person with European Middle Eastern or North African ancestral origin who identifies or is identified as White; 
Could not be determined or unsure; Not provided or unavailable]",[American Indian or Alaska Native; Asian; Black or African-American; Native Hawaiian or Other Pacific Islander; White; Unknown; Not reported],CDE: C00030,Use values in NBB and SP (these are from https://cde.nlm.nih.gov/deView?tinyId=Fakc6Jy2x),[Race CV],exclusive_categorical,1,6/6/23,General Subject Fields,Donor Metadata,,,,
sex,c819b9d5-2fde-40b2-bf0d-e07b56f96ac9,Sex at Birth,sex,,,,,[Male; Female; Other; Unknown; Not Reported],,[Male; Female; Other; Unknown; Not Reported],CDE: C58676,Use CDE values from (https://cde.nlm.nih.gov/deView?tinyId=ezelurehr2),[Sex CV],exclusive_categorical,1,6/6/23,General Subject Fields,Donor Metadata,,,,
gender,1c71e775-65aa-442b-a392-1cf9a44e326e,Gender at Time of Death,gender,,,,,[Male; Female; Transgender Male; Transgender Female; Non-Binary; Gender Fluid; Other; Unknown; Not Reported],,[Male; Female; Transgender Male; Transgender Female; Non-Binary; Gender Fluid; Other; Unknown; Not Reported],CDE: C55577,Use CDE values from (https://cde.nlm.nih.gov/deView?tinyId=7ur8LWKKU). This list is incomplete. ,[Gender CV],exclusive_categorical,1,6/6/23,General Subject Fields,Donor Metadata,,,,
sex_orientation,e47e8a2f-72fb-4036-b288-f4580dc2aa4e,Sexual Orientation at Time of Death,sex_orientation,,,,,[Heterosexual; Homosexual; Bisexual; Asexual; Other; Unknown; Not Reported],,[Heterosexual; Homosexual; Bisexual; Asexual; Other; Unknown; Not Reported],CDE: C55578,Use CDE values from (https://cde.nlm.nih.gov/deView?tinyId=X14HAd6pL). This list is incomplete. ,[Sexual Orientation CV],exclusive_categorical,1,6/6/23,General Subject Fields,Donor Metadata,,,,
age_at_death,14eb923a-161d-45e2-889d-81fea7b632b6,Age Value (Years),age_at_death,,,,,,,,,,,numeric,1,6/6/23,General Subject Fields,Donor Metadata,,0,125,year
birth_country_name,9c27fd29-b512-492f-a32f-b615c7585ff7,Birth Country Name,birth_country_name,,,,,ISO 3166-1 alpha-2 codes (http://www.iso.org/iso/iso_3166_code_lists),,,CDE: C00005,Use ISO 3166-1 alpha-2 codes (http://www.iso.org/iso/iso_3166_code_lists),[Country CV],exclusive_categorical,1,6/6/23,General Subject Fields,Donor Metadata,,,,
primary_language,abe9edc7-96ca-4c6a-a1ed-c008548cc373,Primary Language Code,primary_language,,,,,ISO_639-2 codes (https://www.loc.gov/standards/iso639-2/php/code_list.php),,[Chinese languages; English; French; German; Sign Languages; Spanish; Other (specify)],CDE: C00028 Not equivalent to CDE definition:  Language spoken fluently,Use ISO 639-2 codes (https://www.loc.gov/standards/iso639-2/php/code_list.php),[Language CV],exclusive_categorical,1,6/6/23,General Subject Fields,Donor Metadata,,,,
secondary_language,37b7495f-b010-4d1c-ae32-9cb19c680950,Secondary Language Code,secondary_language,,,,,ISO_639-2 codes (https://www.loc.gov/standards/iso639-2/php/code_list.php),,[Chinese languages; English; French; German; Sign Languages; Spanish; Other (specify)],"CDE: C00028 HSM contains a ""Language Secondary Y/N"" that is not in the SP",Use ISO 639-2 codes (https://www.loc.gov/standards/iso639-2/php/code_list.php),[Language CV],exclusive_categorical,1,6/6/23,General Subject Fields,Donor Metadata,,,,
year_of_death,60445046-d9d8-4f00-959e-9a4c42613e5e,Date of Death,year_of_death,,,,,,,,,,,integer,1,6/6/23,General Subject Fields,Donor Metadata,,1900,2050,CE
autopsy_report,3f787b64-0985-4d0f-9523-54475164b7ad,Autopsy Report,autopsy_report,,,,,[Yes; No],,[Yes; No],,Maybe boolean? ,,exclusive_categorical,1,6/6/23,General Subject Fields,Donor Metadata,,,,
cause_of_death,fa970a03-41ea-473b-a8ce-427fec92cdff,Cause of Death,cause_of_death,,,,,,,,CDE: C04800,Use ICD-10 (https://platform.who.int/mortality/about/list-of-causes-and-corresponding-icd-10-codes) -- this means changing from text to inclusive categorical. ,[Cause of Death CV],inclusive_categorical,1,6/6/23,General Subject Fields,Donor Metadata,,,,
cause_of_death_code,61374624-2d3c-477e-95b3-9bd30974b52a,Cause of Death Code,cause_of_death_code,,,,,,,,Should this be an exclusive categorical?  What codes are used here?,Use ICD-10 (https://platform.who.int/mortality/about/list-of-causes-and-corresponding-icd-10-codes) -- this means changing from text to inclusive categorical. ,[Cause of Death CV],inclusive_categorical,1,6/6/23,General Subject Fields,Donor Metadata,,,,
manner_of_death,36eeb35b-5020-4a9e-a74b-6e1104415e0e,Manner of Death,manner_of_death,,,,,[Not Deceased; Accidental; Homicide; Suicide; Natural; Manner of Death Undetermined; Unknown if subject is deceased or not],,[Not Deceased; Accidental; Homicide; Suicide; Natural; Manner of Death Undetermined; Unknown if subject is deceased or not],What is the difference between cause of death and manner of death?,"Use values from NBB/HSWG: these are values that indicate a determination of how the injury or disease leads to death, cause of death is the injury or disease that leads to death. ",[Manner of Death CV],exclusive_categorical,1,6/6/23,General Subject Fields,Donor Metadata,,,,
marital_status,4f0e41c9-dd15-4a37-ae6b-11b7131d7cba,Marital or Partner Status ATOD,marital_status,,,,,[Never Married; Married; Domestic partnership; Divorced; Separated; Widowed],"[A person who has never been married or whose only marriages have been annulled; 
A person currently joined in matrimony. Classify common law marriage as married. Includes married couples living together and not living together; 
A person who is a member of an unmarried couple, including same sex couples, living together in longstanding relationships, that are registered or unregistered; 
A person whose marriage has been legally dissolved and has not remarried; 
A person living apart from his/her spouse by legal arrangement; 
A person who is no longer married because of the death of his/her/their spouse and who has not remarried]","[A person who has never been married or whose only marriages have been annulled; 
A person currently joined in matrimony. Classify common law marriage as married. Includes married couples living together and not living together; 
A person who is a member of an unmarried couple, including same sex couples, living together in longstanding relationships, that are registered or unregistered; 
A person whose marriage has been legally dissolved and has not remarried; 
A person living apart from his/her spouse by legal arrangement; 
A person who is no longer married because of the death of his/her/their spouse and who has not remarried]",CDE: C00207,Use CDE values from (https://cde.nlm.nih.gov/deView?tinyId=xxxeAEKPAmB),[Marital Status CV],exclusive_categorical,1,6/6/23,General Subject Fields,Donor Metadata,,,,
education_years_number,add3f7fe-ae60-4cc1-bb2e-72bbbe9a1a7d,Education Years Number,education_years_number,,,,,0-30,,,CDE: C00015 CDE defines it as 5 and up. ,,,numeric,1,6/6/23,General Subject Fields,Donor Metadata,,0,30,year
family_income_range,6cd785e2-7333-43fe-8c8c-c19532e96ea6,Family Income Range,family_income_range,,,,,[Under $15000; $15000 to $24999; $25000 to $34999; $35000 to $49999; $50000 to $74999; $75000 to $99999; $100000 and over; Refused; Unknown],[Under $15000; $15000 to $24999; $25000 to $34999; $35000 to $49999; $50000 to $74999; $75000 to $99999; $100000 and over; Refused; Unknown],[Under $15000; $15000 to $24999; $25000 to $34999; $35000 to $49999; $50000 to $74999; $75000 to $99999; $100000 and over; Refused; Unknown],,,[Income Range CV],exclusive_categorical,1,6/6/23,General Subject Fields,Donor Metadata,,,,
informant_questionnaire_completed,e8b9666f-a112-456f-aa5a-69a101c3866f,Informant Questionnaire Completed,informant_questionnaire_completed,,,,,[Yes; No],,[Yes; No],,Boolean?,,exclusive_categorical,1,6/6/23,General Subject Fields,Donor Metadata,,,,
informant_interview_performed,274b838b-74c6-46ec-808a-0c080ddeedd9,Informant Interview Performed,informant_interview_performed,,,,,[Yes; No],,[Yes; No],,Boolean?,,exclusive_categorical,1,6/6/23,General Subject Fields,Donor Metadata,,,,
informant_relationship,836c19fe-b735-4bf7-bee5-3213122b571e,Informant Relationship,informant_relationship,,,,,,,[Child; Friend/Neighbor; Parent; Professional Caregiver; Self; Sibling; Spouse/Partner; Teammate; Other Relative (specify); Other (specify)],,I'm shocked that there are no informant relation terms in NIH CDE repository. ,[Informant Relation CV],exclusive_categorical,1,6/6/23,General Subject Fields,Donor Metadata,,,,
informant_relationship_specify,289bcbb8-5177-4c65-b0af-159fd65b69aa,Informant Relationship Specify,informant_relationship_specify,,,,,,,,,,,text,1,6/6/23,General Subject Fields,Donor Metadata,,,,
handedness,82a4087c-d0e3-48ca-8bea-a81eefc683a0,Handedness,handedness,,,,,,,[Left; Right; Either],,,[Handedness CV],exclusive_categorical,1,6/6/23,General Subject Fields,Donor Metadata,,,,
medical_records_available,ee2c9223-f7d1-4c64-a1da-cd7408309955,Medical Records Available,medical_records_available,,,,,,,[Yes; No],,Boolean?,,exclusive_categorical,1,6/6/23,General Subject Fields,Donor Metadata,,,,
medical_records_reviewed,6139b159-c36c-4501-9176-fe2741e3d448,Medical Records Reviewed,medical_records_reviewed,,,,,,,[Yes; No],,Boolean?,,exclusive_categorical,1,6/6/23,General Subject Fields,Donor Metadata,,,,
hemisphere,68b7a28b-d695-4ec9-800b-6a27ca206081,Hemisphere,hemisphere,,,,,[Left; Right; Unknown],,[Left; Right; Both; Unknown],"What is significance of ""both"" in SP?",,,exclusive_categorical,1,6/6/23,General Specimen Data,Donor Metadata,,,,
post_mortem_interval,6fd5c5ac-b128-4a4a-ae98-09eaeba22f92,Post Mortem Interval,post_mortem_interval,,,,,"Takes decimal values (7,2) two decimal places, For Unknown please set to 9999.99, Not Applicable please set to 8888.88,  PMI should be measured in hours.",,,,,,numeric,1,6/6/23,General Specimen Data,Donor Metadata,,0,8888,hour
left_hemisphere_preparation,57d5378f-a451-4bf5-a472-cc88d0d29586,Left Hemisphere Preparation,left_hemisphere_preparation,,,,,[Formalin Fixed; 4% Paraformaldehyde Fixed; Frozen; Other; Hemisphere Not Available],,[Formalin Fixed; 4% Paraformaldehyde Fixed; Frozen; Other; Hemisphere Not Available],,,[Preparation CV],exclusive_categorical,1,6/6/23,General Specimen Data,Donor Metadata,,,,
left_hemisphere_preparation_specify,002e915e-01c3-4570-a1f3-76680dcb2c33,Left Hemisphere Preparation Specify,left_hemisphere_preparation_specify,,,,,,,,,,,text,1,6/6/23,General Specimen Data,Donor Metadata,,,,
right_hemisphere_preparation,477c2600-f979-43c5-9c61-ab61fd771584,Right Hemisphere Preparation,right_hemisphere_preparation,,,,,[Formalin Fixed; 4% Paraformaldehyde Fixed; Frozen; Other; Hemisphere Not Available],,[Formalin Fixed; 4% Paraformaldehyde Fixed; Frozen; Other; Hemisphere Not Available],,,[Preparation CV],exclusive_categorical,1,6/6/23,General Specimen Data,Donor Metadata,,,,
right_hemisphere_preparation_specify,efd50be4-f7cf-4146-a08e-28f25680728c,Right Hemisphere Preparation Specify,right_hemisphere_preparation_specify,,,,,,,,,,,text,1,6/6/23,General Specimen Data,Donor Metadata,,,,
rin,cd472c0d-0b64-45c9-a38e-e54d15cea953,RIN,rin,,,,,,,,Needs definitions,,,numeric,1,6/6/23,General Specimen Data,Donor Metadata,,0,99,
rin_tissue_source,d547ee51-9ec3-489c-8e49-7d8cd94080a8,RIN Tissue Source,rin_tissue_source,,,,,,,,,,,text,1,6/6/23,General Specimen Data,Donor Metadata,,,,
rin_testing_organization,cfed831e-9a62-4a32-bf92-532873420eb3,RIN Testing Organization,rin_testing_organization,,,,,,,,,,,text,1,6/6/23,General Specimen Data,Donor Metadata,,,,
rine,1210148d-d8fb-45aa-b51a-4b19b6d09bec,RINe,rine,,,,,,,,,,,numeric,1,6/6/23,General Specimen Data,Donor Metadata,,0,99,
rine_tissue_source,7d5fd9af-82a1-4bdb-a3c6-9225d1717c53,RINe Tissue Source,rine_tissue_source,,,,,,,,,,,text,1,6/6/23,General Specimen Data,Donor Metadata,,,,
rine_testing_organization,15a6d162-a3ca-4852-b626-a911c37c04c9,RINe Testing Organization,rine_testing_organization,,,,,,,,,,,text,1,6/6/23,General Specimen Data,Donor Metadata,,,,
ph,9e67af02-c081-43e1-a42c-bf9603cae616,pH,ph,,,,,,,,,,,numeric,1,6/6/23,General Specimen Data,Donor Metadata,,0,99,
brain_weight,546fc32d-f8a2-4c00-924a-8c4730f11f51,Brain Weight Measurement,brain_weight,,,,,,,,,,,numeric,1,6/6/23,General Specimen Data,Donor Metadata,,0,9998,gram
weighed_type,a7463e3f-0c61-4718-a7d0-60fd2116908a,Brain Tissue Weighed Type,weighed_type,,,,,[Fresh whole brain; Fixed whole brain;  Fresh hemibrain;  Fixed hemibrain;  Unknown],,[Fresh; Frozen; Fixed],,Should we include fresh and fixed only or also frozen?,[Brain Tissue Weight Type CV],exclusive_categorical,1,6/6/23,General Specimen Data,Donor Metadata,,,,
photo_2d_available,611beda8-1ac6-4183-a284-04a30bb474f3,Photo 2d Available,photo_2d_available,,,,,"Only a single variable ""Gross brain photographs (Y/N)",,[Yes; No],,Boolean?,,exclusive_categorical,1,6/6/23,General Specimen Data,Donor Metadata,,,,
scan_3d_available,658e8a80-e232-438f-8c1e-d5f38724dc55,Scan 3d Available,scan_3d_available,,,,,"Only a single variable ""Gross brain photographs (Y/N)",,[Yes; No],,Boolean?,,exclusive_categorical,1,6/6/23,General Specimen Data,Donor Metadata,,,,
antemortem_mri_available,43a04caa-4f28-47ac-8a9d-74c40f10776f,Antemortem MRI Available,antemortem_mri_available,,,,,[Yes; No],,[Yes; No],,Boolean?,,exclusive_categorical,1,6/6/23,General Specimen Data,Donor Metadata,,,,
postmortem_mri_available,0badd072-0c25-48c6-9357-44d5b5bc0818,Postmortem MRI Available,postmortem_mri_available,,,,,[Yes; No],,[Yes; No],,Boolean?,,exclusive_categorical,1,6/6/23,General Specimen Data,Donor Metadata,,,,
postmortem_mri_type,64a607a9-21e6-4c73-8f2e-2d67b0dc51c8,Postmortem MRI Type,postmortem_mri_type,,,,,[cadaveric; fresh ex vivo; fixed ex vivo],,[cadaveric; fresh ex vivo; fixed ex vivo],,,[Postmortem MRI CV],exclusive_categorical,1,6/6/23,General Specimen Data,Donor Metadata,,,,
anatomical_atlas_registration,b6835813-2bab-42f3-ae63-4c372ed0aad9,Anatomical Atlas Registration,anatomical_atlas_registration,,,,,[Yes; No],,,,Boolean?,,exclusive_categorical,1,6/6/23,General Specimen Data,Donor Metadata,,,,
non_brain_tissue_available,3a064c96-a956-4cf3-8b77-056b8e392f99,Non-Brain Tissue Available,non_brain_tissue_available,,,,,,,[Yes; No],,,,exclusive_categorical,1,6/6/23,Non-Brain Specimen Collected,Donor Metadata,,,,
tissue_type,33ccbc85-ae35-44d6-8bc6-c2fb91116cf7,Tissue Type,tissue_type,,,,,[tissue_type list - see Tab],,,I would alphabetize the list;  should be UBERON identifiers,Recommend UBERON tissue table,[Tissue CV],exclusive_categorical,1,6/6/23,Non-Brain Specimen Collected,Donor Metadata,,,,
tissue_type_details,f551cf87-2c6e-4b92-888d-6310e6a500d8,Tissue Type Details,tissue_type_details,,,,,,,,,,,text,1,6/6/23,Non-Brain Specimen Collected,Donor Metadata,,,,
subject_id,b2bb8225-aa6e-423a-a32d-98feaf84984f,Subject ID,subject_id,,,,,,,,,"Redundant element unless this is meant to track tissue or specimen-level entities. In which case, recommend changing the label. ",,numeric,1,6/6/23,General Specimen Data,Donor Metadata,,,,
tissue_source,ee83ecf8-4fca-4353-a9ed-4cdd82eb167e,Tissue Source,tissue_source,,,,,[Autopsy; Surgery],,,,,[Tissue Collection State CV],exclusive_categorical,1,6/6/23,General Specimen Data,Donor Metadata,,,,
date_of_collection,9b94949c-a7c9-4d81-a1c9-a70c96c16ca3,Date of Collection,date_of_collection,,,,,"If the date is unknown, then code:  99/99/9999",,,,,,datetime,1,6/6/23,General Specimen Data,Donor Metadata,,,,
age_at_date_of_collection,6c53ac16-fe2d-48d7-b3d4-b8946b5d2547,Age at Date of Collection,age_at_date_of_collection,,,,,"A valid age between 000 and 125
2.   If Age is unknown, then code 999",,,,,,numeric,1,6/6/23,General Specimen Data,Donor Metadata,,0,999,year
clinical_brain_diagnosis,b49f026b-4f6c-48c8-b170-bf6d24c672ef,Clinical Brain Diagnosis Available,clinical_brain_diagnosis,,,,,[Yes; No],,[Yes; No],,Boolean?,,exclusive_categorical,1,6/6/23,Diagnoses,Donor Metadata,,,,
clinical_brain_diagnosis_code,b7a34c73-ae08-43d3-80d2-d5ef8436e449,Clinical Brain Diagnosis Code,clinical_brain_diagnosis_code,,,,,[ICD-9-CM; ICD-10-CM],,,Don't know if they are using ICD10 or MONDO codes,Value from MONDO or ICD10?,[Diagnosis CV] ,inclusive_categorical,1,6/6/23,Diagnoses,Donor Metadata,,,,
clinical_brain_diagnosis_confidence_level,2e72b4b9-d5fb-4f0d-897c-1f977ed4fabd,Clinical Brain Diagnosis Confidence Level,clinical_brain_diagnosis_confidence_level,,,,,[Confirmed Diagnosis; Investigator Impression; Insufficient Data],"[Sufficient evidence exists to: 1) make a clinical diagnosis based on medical history and neuropathological exam or genetic data or 2) make a clinical diagnosis by the consensus of expert clinicians or 3) confirm the absence of any brain-related diagnoses (i.e. Unaffected Control); 
Diagnosis is based on the clinical impressions of the clinician reviewing the available information but that information is insufficient to render a confirmed diagnosis; 
The available information is insufficient to form a reasonable impression of or to exclude any brain-related diagnoses]",[Confirmed Diagnosis; Investigator Impression; Insufficient Data],,,[Confidence Level CV],exclusive_categorical,1,6/6/23,Diagnoses,Donor Metadata,,,,
genetic_diagnosis,f67d3837-159d-4868-9749-aa6c83ded7eb,Genetic Diagnosis Available,genetic_diagnosis,,,,,[Yes; No],,[Yes; No],,Boolean?,,exclusive_categorical,1,6/6/23,Diagnoses,Donor Metadata,,,,
genetic_diagnosis_code,7a7916e0-ff79-4426-b49f-58e2f2a8a367,Genetic Diagnosis Code,genetic_diagnosis_code,,,,,[ICD-9-CM; ICD-10-CM],,,,ICD10 code,,inclusive_categorical,1,6/6/23,Diagnoses,Donor Metadata,,,,
genetic_diagnosis_confidence_level,cb2b0108-8c07-40e8-92a3-b693b6dc64b4,Genetic Diagnosis Confidence Level,genetic_diagnosis_confidence_level,,,,,[Confirmed Diagnosis; Investigator Impression; Insufficient Data],"[Sufficient evidence exists to: 1) make a clinical diagnosis based on medical history and neuropathological exam or genetic data or 2) make a clinical diagnosis by the consensus of expert clinicians or 3) confirm the absence of any brain-related diagnoses (i.e. Unaffected Control); 
Diagnosis is based on the clinical impressions of the clinician reviewing the available information but that information is insufficient to render a confirmed diagnosis; 
The available information is insufficient to form a reasonable impression of or to exclude any brain-related diagnoses]",[Confirmed Diagnosis; Investigator Impression; Insufficient Data],,,[Confidence Level CV],exclusive_categorical,1,6/6/23,Diagnoses,Donor Metadata,,,,
non_brain_diagnosis,009ec58e-32e4-4712-930c-056e72c8d8fa,Non Brain Diagnosis Available,non_brain_diagnosis,,,,,[Yes; No],,[Yes; No],,Boolean?,,exclusive_categorical,1,6/6/23,Diagnoses,Donor Metadata,,,,
non_brain_diagnosis_code,65e8824e-01d2-44cf-9f47-9962461a65c9,Non Brain Diagnosis Code,non_brain_diagnosis_code,,,,,[ICD-9-CM; ICD-10-CM],,,,ICD10 code,,inclusive_categorical,1,6/6/23,Diagnoses,Donor Metadata,,,,
non_brain_diagnosis_confidence_level,2a7ff937-287b-40a3-a1f6-ebf598683774,Non Brain Diagnosis Confidence Level,non_brain_diagnosis_confidence_level,,,,,[Confirmed Diagnosis; Investigator Impression; Insufficient Data],"[Sufficient evidence exists to: 1) make a clinical diagnosis based on medical history and neuropathological exam or genetic data or 2) make a clinical diagnosis by the consensus of expert clinicians or 3) confirm the absence of any brain-related diagnoses (i.e. Unaffected Control); 
Diagnosis is based on the clinical impressions of the clinician reviewing the available information but that information is insufficient to render a confirmed diagnosis; 
The available information is insufficient to form a reasonable impression of or to exclude any brain-related diagnoses]",[Confirmed Diagnosis; Investigator Impression; Insufficient Data],,,[Confidence Level CV],exclusive_categorical,1,6/6/23,Diagnoses,Donor Metadata,,,,
birth_weight_lbs,69d9a60d-32d5-4c3a-a26a-802d8f030c8d,Birth Weight Value (lbs),birth_weight_lbs,,,,,,,,,,,numeric,1,6/6/23,Infant Medical History,Donor Metadata,,0,100,pound
birth_weight_oz,b6f30050-f762-4427-8533-31738e737ea2,Birth Weight Value (oz),birth_weight_oz,,,,,,,,,,,numeric,1,6/6/23,Infant Medical History,Donor Metadata,,0,100,ounce
gestational_age_value_weeks,6d8a9b3f-792c-48c2-bd3c-56e52bb51672,Gestational Age Value (weeks),gestational_age_value_weeks,,,,,,,,,,,numeric,1,6/6/23,Infant Medical History,Donor Metadata,,1,45,week
gestational_age_value_days,4e532e52-6e4c-46cd-9fde-96f97ef3b034,Gestational Age Value (days),gestational_age_value_days,,,,,,,,,,,numeric,1,6/6/23,Infant Medical History,Donor Metadata,,0,6,day
apgar_5_minute_score_available,e67d93ac-3753-4835-a250-e2ca207b2675,APGAR Five Minute Score Available,apgar_5_minute_score_available,,,,,[Yes; No],,[Yes; No],,Boolean?,,exclusive_categorical,1,6/6/23,Infant Medical History,Donor Metadata,,,,
apgar_5_minute_score,3a10dabf-39b0-4eb7-8399-85fd325c5646,APGAR Five Minute Score,apgar_5_minute_score,,,,,,,,,,,numeric,1,6/6/23,Infant Medical History,Donor Metadata,,1,10,
apgar_10_minute_score_available,3d085ff9-7034-487d-a2b2-b9ae80d55333,APGAR Ten Minute Score Available,apgar_10_minute_score_available,,,,,[Yes; No],,[Yes; No],,Boolean?,,exclusive_categorical,1,6/6/23,Infant Medical History,Donor Metadata,,,,
apgar_10_minute_score,09d512b6-7c20-4693-8894-77824ad7f04d,APGAR Ten Minute Score,apgar_10_minute_score,,,,,,,,,,,numeric,1,6/6/23,Infant Medical History,Donor Metadata,,1,10,
perinatal_neurologic_event_type,cb4c7e3b-73fc-400e-a4c3-b149a5544363,Perinatal Neurologic Event Type,perinatal_neurologic_event_type,,,,,,,[Subdural hemorrhage; Subarachnoid hemorrhage; Intraparenchymal hemorrhage; Intraventricular hemorrhage; Hypoxia; Other (specify); None],,,[Perinatal Event CV],exclusive_categorical,1,6/6/23,Perinatal Neurologic Events,Donor Metadata,,,,
perinatal_neurologic_event_type_specify,1bf1f9c5-79a6-4203-910f-cad79fe9cac9,Perinatal Neurologic Event Type Specify,perinatal_neurologic_event_type_specify,,,,,,,,,,,text,1,6/6/23,Perinatal Neurologic Events,Donor Metadata,,,,
family_history_available,c88bf4dc-5a7c-4f70-a773-e6bbb5a12ec9,Family History Available,family_history_available,,,,,[Yes; No],,[Yes; No],,Boolean?,,exclusive_categorical,1,6/6/23,Family History,Donor Metadata,,,,
relative_type,1adef34c-bb96-4dd0-bc87-51868f2ddc3f,Relative Type,relative_type,,,,,"[Biological Mother; Biological Father; Full sibling; Half sibling; Child; Maternal grandmother; Paternal grandmother; Maternal grandfather; Paternal grandfather; Maternal aunt; Paternal aunt; Maternal uncle; Paternal uncle; Maternal niece/nephew; 
Paternal niece/nephew; Maternal cousin; Paternal cousin; Grandchild; Great-grandchild; 
Other (specify)]",,"[Biological Mother; Biological Father; Full sibling; Half sibling; Child; Maternal grandmother; Paternal grandmother; Maternal grandfather; Paternal grandfather; Maternal aunt; Paternal aunt; Maternal uncle; Paternal uncle; Maternal niece/nephew; 
Paternal niece/nephew; Maternal cousin; Paternal cousin; Grandchild; Great-grandchild; 
Other (specify)]",,,[Relative Type CV],exclusive_categorical,1,6/6/23,Family History,Donor Metadata,,,,
relative_type_specify,094064a1-362c-4b75-8556-6b874c843fdb,Relative Type Specify,relative_type_specify,,,,,,,,,,,text,1,6/6/23,Family History,Donor Metadata,,,,
condition_type,030c8275-04c0-4e4f-9f68-48fd0f559250,Condition Type,condition_type,,,,,"[Alzheimers disease; Amyotrophic lateral sclerosis (ALS); Ataxia; Autism; Bi-polar disorder; Brain aneurysm; Cancer; Dementia; Depression; Diabetes mellitus; Dystonia; 
Epilepsy; Heart disease; Hypertension; Memory loss; Migraines; Multiple sclerosis; 
Muscle disease; Parkinson's disease; Schizophrenia; Stroke; Suicide or suicide attempt; Tourette syndrome; Other (specify)]",,"[Alzheimers disease; Amyotrophic lateral sclerosis (ALS); Ataxia; Autism; Bi-polar disorder; Brain aneurysm; Cancer; Dementia; Depression; Diabetes mellitus; Dystonia; 
Epilepsy; Heart disease; Hypertension; Memory loss; Migraines; Multiple sclerosis; 
Muscle disease; Parkinson's disease; Schizophrenia; Stroke; Suicide or suicide attempt; Tourette syndrome; Other (specify)]",,Looks like the NBB values come from : https://cde.nlm.nih.gov/deView?tinyId=t4KS6j8lZq -- but we can also make a smaller set for a CV,[Condition Type CV],exclusive_categorical,1,6/6/23,Family History,Donor Metadata,,,,
condition_type_specify,a1ed23dc-3cd5-41c8-87f6-58604fc66a70,Condition Type Specify,condition_type_specify,,,,,,,,,,,text,1,6/6/23,Family History,Donor Metadata,,,,
test_name,b6865e15-7538-4890-be99-a6f9e9920af3,Test Name,test_name,,,,,[Hepatitis A; Hepatitis C Antibody; Hepatitis B Surface Antigen; Hepatitis B Surface Antibody; Hepatitis B Core Antibody; HIV-1/HIV-2 Plus O Antibody; HIV-1/HIV-2; HIV-1 Antibody; COVID-19 Virus (RT-PCR); COVID-19 Antigen - Rapid Test; COVID-19 Spike Protein Antibody; COVID-19 Nucleocapsid Protein Antibody; COVID-19 Unknown Antibody],,[Hepatitis A; Hepatitis C Antibody; Hepatitis B Surface Antigen; Hepatitis B Surface Antibody; Hepatitis B Core Antibody; HIV-1/HIV-2 Plus O Antibody; HIV-1/HIV-2; HIV-1 Antibody; COVID-19 Virus (RT-PCR); Other (specify)],,,[Test Name CV],exclusive_categorical,1,6/6/23,Infectious Disease Testing,Donor Metadata,,,,
test_result,c14ea006-662c-4666-bfd1-6ff580c403ed,Result,test_result,,,,,,,[Positive (Reactive); Negative (Non-Reactive); Pending Result; Borderline],,,,exclusive_categorical,1,6/6/23,Infectious Disease Testing,Donor Metadata,,,,
tissue_source,42f8e11b-d9a3-48fe-ac1e-cd6f4469de46,Testing Tissue Source,tissue_source,,,,,[Whole Blood; Plasma; Brain; Nasal Swab; Serum; Other; Unknown],,[Whole Blood; Plasma; Brain; Nasal Swab; Serum; Other; Unknown],,,[Tissue Source CV],exclusive_categorical,1,6/6/23,Infectious Disease Testing,Donor Metadata,,,,
drugs_found,e35b53f1-0daa-4b5b-9246-cfba52f61bfb,Drugs Found,drugs_found,,,,,,,see drugs_found tab,,,[Drugs Found CV],exclusive_categorical,1,6/6/23,Toxicology Screening,Donor Metadata,,,,
drugs_found_specify,ec3f7c47-9062-4b66-ba80-a9355a388bc0,Drugs Found Specify,drugs_found_specify,,,,,,,,,,,text,1,6/6/23,Toxicology Screening,Donor Metadata,,,,
toxicology_result,2cf1a1af-1ece-4ef7-b513-e4d1949f237c,Toxicology Result,toxicology_result,,,,,,,,,,,text,1,6/6/23,Toxicology Screening,Donor Metadata,,,,
toxicology_report_level,594179b0-c744-40a4-958d-fc81461b4b74,Toxicology Report level,toxicology_report_level,,,,,,,,,,,text,1,6/6/23,Toxicology Screening,Donor Metadata,,,,
toxicology_units,6f124149-50de-489d-b9e2-f198b2b9857d,Toxicology Units,toxicology_units,,,,,,,,,,,text,1,6/6/23,Toxicology Screening,Donor Metadata,,,,
artifacts,b344b605-21dd-4e06-9104-21005179026f,Artifacts,artifacts,,,,,,,[Yes; No],,Boolean?,,exclusive_categorical,1,6/6/23,Neuropathological Diagnoses,Donor Metadata,,,,
artifacts_type,dc217b9b-ed6b-48e2-93b4-4f648dc395f7,Artifacts Type,artifacts_type,,,,,,,[gross: brain removal/dissection; microscopic: autolysis; Other (specify),,,[Artifact Type CV],exclusive_categorical,1,6/6/23,Neuropathological Diagnoses,Donor Metadata,,,,
artifacts_type_specify,ae11485d-dfc6-45fe-9d22-1d0bf7244d7c,Artifacts Type Specify,artifacts_type_specify,,,,,,,,,,,text,1,6/6/23,Neuropathological Diagnoses,Donor Metadata,,,,
developmental,c259cdc2-7c68-48de-ab57-57328f3bddfa,Developmental,developmental,,,,,,,[Yes; No],,Boolean?,,exclusive_categorical,1,6/6/23,Neuropathological Diagnoses,Donor Metadata,,,,
developmental_type_specify,bee7d477-2dec-4bf5-878e-a105a0054366,Developmental Type Specify,developmental_type_specify,,,,,,,,,,,text,1,6/6/23,Neuropathological Diagnoses,Donor Metadata,,,,
inflammatory,05e83583-078d-4a1e-892d-e6f611e5a0b8,Inflammatory,inflammatory,,,,,,,[Yes; No],,Boolean?,,exclusive_categorical,1,6/6/23,Neuropathological Diagnoses,Donor Metadata,,,,
inflammatory_type_specify,616ba8d8-ced3-4f3e-b1ca-7103eb7a2c94,Inflammatory Type Specify,inflammatory_type_specify,,,,,,,,,,,text,1,6/6/23,Neuropathological Diagnoses,Donor Metadata,,,,
infectious,266f5fb8-716b-4472-be30-4a94b62f2245,Infectious,infectious,,,,,,,[Yes; No],,Boolean?,,exclusive_categorical,1,6/6/23,Neuropathological Diagnoses,Donor Metadata,,,,
infectious_type_specify,c73cea5e-44d1-4dd9-b55e-3c6ef5dd2ef2,Infectious Type Specify,infectious_type_specify,,,,,,,,,,,text,1,6/6/23,Neuropathological Diagnoses,Donor Metadata,,,,
traumatic,a00497c0-376f-4b2e-b60e-d6add2af41dc,Traumatic,traumatic,,,,,,,[Yes; No],,Boolean?,,exclusive_categorical,1,6/6/23,Neuropathological Diagnoses,Donor Metadata,,,,
traumatic_type,01d2f488-f30b-40e0-913f-c9adc6b39b97,Traumatic Type,traumatic_type,,,,,,,[Contusion; Chronic traumatic encephalopathy; Other (specify)],,,[Traumatic Type CV],exclusive_categorical,1,6/6/23,Neuropathological Diagnoses,Donor Metadata,,,,
traumatic_type_specify,aa574a9a-a3d0-4a07-bf8b-9db4a1110a88,Traumatic Type Specify,traumatic_type_specify,,,,,,,,,,,text,1,6/6/23,Neuropathological Diagnoses,Donor Metadata,,,,
vascular,b02d8386-d059-42a8-94cb-751d56b15b3a,Vascular,vascular,,,,,,,[Yes; No],,Boolean?,,exclusive_categorical,1,6/6/23,Neuropathological Diagnoses,Donor Metadata,,,,
vascular_type,5beafa90-ffdb-4cce-a78c-a3b3175210b6,Vascular Type,vascular_type,,,,,,,[Acute infarct; Chronic infarct; Hemorrhage; Other (specify)],,,[Vascular Type CV],exclusive_categorical,1,6/6/23,Neuropathological Diagnoses,Donor Metadata,,,,
vascular_type_specify,543acbbb-9da4-4e24-a9d7-c0642aa33f32,Vascular Type Specify,vascular_type_specify,,,,,,,,,,,text,1,6/6/23,Neuropathological Diagnoses,Donor Metadata,,,,
neoplastic,3f52a0e9-6469-46d3-8ed5-3cdb8afdc259,Neoplastic,neoplastic,,,,,,,[Yes; No],,Boolean?,,exclusive_categorical,1,6/6/23,Neuropathological Diagnoses,Donor Metadata,,,,
neoplastic_type,a58be8f4-2756-4a66-9d05-1fbf44b4e810,Neoplastic Type,neoplastic_type,,,,,,,[Intrinsic; Metastasis; Other (specify)],,,[Neoplastic Type CV],exclusive_categorical,1,6/6/23,Neuropathological Diagnoses,Donor Metadata,,,,
neoplastic_type_specify,b9e8aead-fdf3-453e-a46b-fcb01d661f8f,Neoplastic Type Specify,neoplastic_type_specify,,,,,,,,,,,text,1,6/6/23,Neuropathological Diagnoses,Donor Metadata,,,,
aging,40e3caa7-657b-4137-9879-07e6b29bae14,Aging,aging,,,,,,,[Yes; No],,Boolean?,,exclusive_categorical,1,6/6/23,Neuropathological Diagnoses,Donor Metadata,,,,
aging_type,5e31b66f-131e-4d5e-8760-ddd85f5634d5,Aging Type,aging_type,,,,,,,[pTau; pTDP-43; atherosclerosis; arteriolosclerosis; Other (specify)],,,[Aging Type CV],exclusive_categorical,1,6/6/23,Neuropathological Diagnoses,Donor Metadata,,,,
aging_type_specify,8667d972-175c-430a-ac5e-656563e75736,Aging Type Specify,aging_type_specify,,,,,,,,,,,text,1,6/6/23,Neuropathological Diagnoses,Donor Metadata,,,,
neurodegenerative,764d80ce-7a83-4e68-92df-34a416475e1b,Neurodegenerative,neurodegenerative,,,,,,,[Yes; No],,Boolean?,,exclusive_categorical,1,6/6/23,Neuropathological Diagnoses,Donor Metadata,,,,
neurodegenerative_type,b150b62c-a968-4f5d-9aa3-d1ab5207ff83,Neurodegenerative Type,neurodegenerative_type,,,,,,,[Beta Amyloid; pTau; pTDP-43; alpha-synuclein; Other (specify)],,,[Neurodegenerative Type CV],exclusive_categorical,1,6/6/23,Neuropathological Diagnoses,Donor Metadata,,,,
neurodegenerative_type_specify,d422d827-539f-4d10-b09d-0f4be00d7c91,Neurodegenerative Type Specify,neurodegenerative_type_specify,,,,,,,,,,,text,1,6/6/23,Neuropathological Diagnoses,Donor Metadata,,,,