category,variable_name,name,value_type,minimum,maximum,numeric_type,unit,options (format: code1/#/label1/#/description1|code2/#/label2/#/description2)|...
General Subject Fields,subject_id,Local Donor ID,text,,,,,
General Subject Fields,repository,Repository,inclusive_categorical,,,,,1/#/TBD/#/|2/#/Miami/#/|3/#/Mt. Sinai/#/|4/#/Sepulveda/#/|5/#/Harvard/#/|8/#/Maryland Psychiatric/#/|9/#/HBCC/#/|7/#/Maryland/#/|6/#/Pittsburgh/#/|10/#/UCLA/#/
General Subject Fields,donor_source,Donor Source,inclusive_categorical,,,,,BICAN-NBB/#/BICAN-NBB/#/Donor from NIH NeuroBioBank|BICAN-UM1/#/BICAN-UM1/#/Donor from UM1 project|Other/#/Other/#/Other
General Subject Fields,ethnicity,Ethnicity,exclusive_categorical,,,,,"PV000034/#/Hispanic or Latino/#/A person of Mexican, Puerto Rican, Cuban, Central or South American, Iberian Peninsula, or other Spanish culture or origin, regardless of race|PV000035/#/Not Hispanic or Latino/#/A person not meeting the definition for Hispanic or Latino|PV000036/#/Unknown/#/Could not be determined or unsure|PV000037/#/Not reported/#/Not provided or available"
General Subject Fields,race,Race,exclusive_categorical,,,,,"PV000062/#/American Indian or Alaska Native/#/A person having origins in any of the original peoples of North and South America (including Central America), and who maintains tribal affiliation or community attachment|PV000063/#/Asian/#/A person having origins in any of the original peoples of the Far East, Southeast Asia, or the Indian subcontinent including, for example, Cambodia, China, India, Japan, Korea, Malaysia, Pakistan, the Philippine Islands, Thailand, and Vietnam|PV000064/#/Black or African-American/#/A person having origins in any of the black racial groups of Africa. Terms such as ""Haitian"" or ""Negro"" can be used in addition to ""Black or African American.""|PV000065/#/Native Hawaiian or Other Pacific Islander/#/Denotes a person having origins in any of the original peoples of Hawaii, Guam, Samoa, or other Pacific Islands. The term covers particularly people who identify themselves as part-Hawaiian, Native Hawaiian, Guamanian or Chamorro, Carolinian, Samoan, Chuu|PV000066/#/White/#/Denotes a person with European, Middle Eastern, or North African ancestral origin who identifies, or is identified, as White|PV000067/#/Unknown/#/Could not be determined or unsure|PV000068/#/Not reported/#/Not provided or unavailable"
General Subject Fields,sex,Sex at Birth,exclusive_categorical,,,,,1/#/Male/#/|2/#/Female/#/|7/#/Other/#/|8/#/Unknown/#/|9/#/Not Reported/#/
General Subject Fields,gender,Gender at Time of Death,exclusive_categorical,,,,,1/#/Male/#/|2/#/Female/#/|3/#/Transgender Male/#/|4/#/Transgender Female/#/|5/#/Non-Binary/#/|6/#/Gender Fluid/#/|7/#/Other/#/|8/#/Unknown/#/|9/#/Not Reported/#/
General Subject Fields,sex_orientation,Sexual Orientation at Time of Death,exclusive_categorical,,,,,1/#/Heterosexual/#/|2/#/Homosexual/#/|3/#/Bisexual/#/|4/#/Asexual/#/|7/#/Other/#/|8/#/Unknown/#/|9/#/Not Reported/#/
General Subject Fields,age_of_death,Age Value (Years),numeric,0.0,125.0,integer,year,
General Subject Fields,birth_country_name,Birth Country Name,exclusive_categorical,,,,,"1/#/Afghanistan/#/|2/#/Albania/#/|3/#/Algeria/#/|4/#/Andorra/#/|5/#/Angola/#/|6/#/Antigua and Barbuda/#/|7/#/Argentina/#/|8/#/Armenia/#/|9/#/Australia/#/|10/#/Austria/#/|11/#/Azerbaijan/#/|12/#/Bahamas/#/|13/#/Bahrain/#/|14/#/Bangladesh/#/|15/#/Barbados/#/|16/#/Belarus/#/|17/#/Belgium/#/|18/#/Belize/#/|19/#/Benin/#/|20/#/Bhutan/#/|21/#/Bolivia/#/|22/#/Bosnia and Herzegovina/#/|23/#/Botswana/#/|24/#/Brazil/#/|25/#/Brunei/#/|26/#/Bulgaria/#/|27/#/Burkina Faso/#/|28/#/Burundi/#/|29/#/CÃ´te d'Ivoire/#/|30/#/Cabo Verde/#/|31/#/Cambodia/#/|32/#/Cameroon/#/|33/#/Canada/#/|34/#/Central African Republic/#/|35/#/Chad/#/|36/#/Chile/#/|37/#/China/#/|38/#/Colombia/#/|39/#/Comoros/#/|40/#/Congo (Congo-Brazzaville)/#/|41/#/Costa Rica/#/|42/#/Croatia/#/|43/#/Cuba/#/|44/#/Cyprus/#/|45/#/Czechia (Czech Republic)/#/|46/#/Democratic Republic of the Congo/#/|47/#/Denmark/#/|48/#/Djibouti/#/|49/#/Dominica/#/|50/#/Dominican Republic/#/|51/#/Ecuador/#/|52/#/Egypt/#/|53/#/El Salvador/#/|54/#/Equatorial Guinea/#/|55/#/Eritrea/#/|56/#/Estonia/#/|57/#/Eswatini (fmr. ""Swaziland"")/#/|58/#/Ethiopia/#/|59/#/Fiji/#/|60/#/Finland/#/|61/#/France/#/|62/#/Gabon/#/|63/#/Gambia/#/|64/#/Georgia/#/|65/#/Germany/#/|66/#/Ghana/#/|67/#/Greece/#/|68/#/Grenada/#/|69/#/Guatemala/#/|70/#/Guinea/#/|71/#/Guinea-Bissau/#/|72/#/Guyana/#/|73/#/Haiti/#/|74/#/Holy See/#/|75/#/Honduras/#/|76/#/Hungary/#/|77/#/Iceland/#/|78/#/India/#/|79/#/Indonesia/#/|80/#/Iran/#/|81/#/Iraq/#/|82/#/Ireland/#/|83/#/Israel/#/|84/#/Italy/#/|85/#/Jamaica/#/|86/#/Japan/#/|87/#/Jordan/#/|88/#/Kazakhstan/#/|89/#/Kenya/#/|90/#/Kiribati/#/|91/#/Kuwait/#/|92/#/Kyrgyzstan/#/|93/#/Laos/#/|94/#/Latvia/#/|95/#/Lebanon/#/|96/#/Lesotho/#/|97/#/Liberia/#/|98/#/Libya/#/|99/#/Liechtenstein/#/|100/#/Lithuania/#/|101/#/Luxembourg/#/|102/#/Madagascar/#/|103/#/Malawi/#/|104/#/Malaysia/#/|105/#/Maldives/#/|106/#/Mali/#/|107/#/Malta/#/|108/#/Marshall Islands/#/|109/#/Mauritania/#/|110/#/Mauritius/#/|111/#/Mexico/#/|112/#/Micronesia/#/|113/#/Moldova/#/|114/#/Monaco/#/|115/#/Mongolia/#/|116/#/Montenegro/#/|117/#/Morocco/#/|118/#/Mozambique/#/|119/#/Myanmar (formerly Burma)/#/|120/#/Namibia/#/|121/#/Nauru/#/|122/#/Nepal/#/|123/#/Netherlands/#/|124/#/New Zealand/#/|125/#/Nicaragua/#/|126/#/Niger/#/|127/#/Nigeria/#/|128/#/North Korea/#/|129/#/North Macedonia/#/|130/#/Norway/#/|131/#/Oman/#/|132/#/Pakistan/#/|133/#/Palau/#/|134/#/Palestine State/#/|135/#/Panama/#/|136/#/Papua New Guinea/#/|137/#/Paraguay/#/|138/#/Peru/#/|139/#/Philippines/#/|140/#/Poland/#/|141/#/Portugal/#/|142/#/Qatar/#/|143/#/Romania/#/|144/#/Russia/#/|145/#/Rwanda/#/|146/#/Saint Kitts and Nevis/#/|147/#/Saint Lucia/#/|148/#/Saint Vincent and the Grenadines/#/|149/#/Samoa/#/|150/#/San Marino/#/|151/#/Sao Tome and Principe/#/|152/#/Saudi Arabia/#/|153/#/Senegal/#/|154/#/Serbia/#/|155/#/Seychelles/#/|156/#/Sierra Leone/#/|157/#/Singapore/#/|158/#/Slovakia/#/|159/#/Slovenia/#/|160/#/Solomon Islands/#/|161/#/Somalia/#/|162/#/South Africa/#/|163/#/South Korea/#/|164/#/South Sudan/#/|165/#/Spain/#/|166/#/Sri Lanka/#/|167/#/Sudan/#/|168/#/Suriname/#/|169/#/Sweden/#/|170/#/Switzerland/#/|171/#/Syria/#/|172/#/Tajikistan/#/|173/#/Tanzania/#/|174/#/Thailand/#/|175/#/Timor-Leste/#/|176/#/Togo/#/|177/#/Tonga/#/|178/#/Trinidad and Tobago/#/|179/#/Tunisia/#/|180/#/Turkey/#/|181/#/Turkmenistan/#/|182/#/Tuvalu/#/|183/#/Uganda/#/|184/#/Ukraine/#/|185/#/United Arab Emirates/#/|186/#/United Kingdom/#/|187/#/United States of America/#/|188/#/Uruguay/#/|189/#/Uzbekistan/#/|190/#/Vanuatu/#/|191/#/Venezuela/#/|192/#/Vietnam/#/|193/#/Yemen/#/|194/#/Zambia/#/|195/#/Zimbabwe/#/"
General Subject Fields,primary_language,Primary Language Code,exclusive_categorical,,,,,"1/#/Chinese languages/#/|2/#/English/#/|3/#/French/#/|4/#/German/#/|5/#/Sign Languages/#/|6/#/Spanish/#/|444/#/Other, specify/#/"
General Subject Fields,secondary_language,Secondary Language Code,exclusive_categorical,,,,,"1/#/Chinese languages/#/|2/#/English/#/|3/#/French/#/|4/#/German/#/|5/#/Sign Languages/#/|6/#/Spanish/#/|444/#/Other, specify/#/"
General Subject Fields,year_of_death,Date of Death,date,,,,,
General Subject Fields,autopsy_report,Autopsy Report,exclusive_categorical,,,,,1/#/Yes/#/|2/#/No/#/
General Subject Fields,cause_of_death,Cause of Death,text,,,,,
General Subject Fields,cause_of_death_code,Cause of Death Code,text,,,,,
General Subject Fields,manner_of_death,Manner of Death,exclusive_categorical,,,,,0/#/Not Deceased/#/Not Deceased|1/#/Accidental/#/Accidental|2/#/Homicide/#/Homicide|3/#/Suicide/#/Suicide|4/#/Natural/#/Natural|5/#/Undetermined/#/Manner of Death Undetermined|9/#/Status of Death Unknown/#/Unknown if subject is deceased or not
General Subject Fields,marital_status,Marital or Partner Status ATOD,exclusive_categorical,,,,,"PV000093/#/Never Married/#/A person who has never been married or whose only marriages have been annulled.|PV000094/#/Married/#/A person currently joined in matrimony. Classify common law marriage as married. Includes married couples living together and not living together.|PV000095/#/Domestic partnership/#/A person who is a member of an unmarried couple, including same sex couples, living together in longstanding relationships, that are registered or unregistered.|PV000096/#/Divorced/#/A person whose marriage has been legally dissolved and has not remarried.|PV000097/#/Separated/#/A person living apart from his/her spouse by legal arrangement.|PV000098/#/Widowed/#/A person who is no longer married because of the death of his/her spouse and who has not remarried."
General Subject Fields,education_years_number,Education Years Number,numeric,0.0,30.0,integer,year,
General Subject Fields,family_income_range,Family Income Range,exclusive_categorical,,,,,"PV000858/#/Under $15,000/#/Under $15,000|PV000850/#/$15,000 to $24,999/#/$15,000 to $24,999|PV000851/#/$25,000 to $34,999/#/$25,000 to $34,999|PV000852/#/$35,000 to $49,999/#/$35,000 to $49,999|PV000853/#/$50,000 to $74,999/#/$50,000 to $74,999|PV000854/#/$75,000 to $99,999/#/$75,000 to $99,999|PV000855/#/$100,000 and over/#/$100,000 and over|PV000856/#/Refused/#/Refused|PV000857/#/Unknown/#/Unknown"
General Subject Fields,informant_questionnaire_completed,Informant Questionnaire Completed,exclusive_categorical,,,,,1/#/Yes/#/|2/#/No/#/
General Subject Fields,informant_interview_performed,Informant Interview Performed,exclusive_categorical,,,,,1/#/Yes/#/|2/#/No/#/
General Subject Fields,informant_relationship,Informant Relationship,exclusive_categorical,,,,,"1/#/Child/#/|2/#/Friend/Neighbor/#/|5/#/Parent/#/|6/#/Professional Caregiver/#/|7/#/Self/#/|8/#/Sibling/#/|9/#/Spouse/Partner/#/|10/#/Teammate/#/|3/#/Other Relative, specify/#/|4/#/Other, specify/#/"
General Subject Fields,informant_relationship_specify,Informant Relationship Specify,text,,,,,
General Subject Fields,handedness,Handedness,exclusive_categorical,,,,,1/#/Left/#/|2/#/Right/#/|3/#/Either/#/
General Subject Fields,medical_records_available,Medical Records Available,exclusive_categorical,,,,,1/#/Yes/#/|2/#/No/#/
General Subject Fields,medical_records_reviewed,Medical Records Reviewed,exclusive_categorical,,,,,1/#/Yes/#/|2/#/No/#/
General Specimen Data,hemisphere,Hemisphere,exclusive_categorical,,,,,Left/#/Left/#/|Right/#/Right/#/|Both/#/Both/#/|Unknown/#/Unknown/#/
General Specimen Data,post_mortem_interval,Post Mortem Interval,numeric,0.0,8888.0,decimal,hour,
General Specimen Data,left_hemisphere_preparation,Left Hemisphere Preparation,exclusive_categorical,,,,,1/#/Formalin Fixed/#/|2/#/4% Paraformaldehyde Fixed/#/|3/#/Frozen/#/|4/#/Other/#/|9/#/Hemisphere Not Available/#/
General Specimen Data,left_hemisphere_preparation_specify,Left Hemisphere Preparation Specify,text,,,,,
General Specimen Data,right_hemisphere_preparation,Right Hemisphere Preparation,exclusive_categorical,,,,,1/#/Formalin Fixed/#/|2/#/4% Paraformaldehyde Fixed/#/|3/#/Frozen/#/|4/#/Other/#/|9/#/Hemisphere Not Available/#/
General Specimen Data,right_hemisphere_preparation_specify,Right Hemisphere Preparation Specify,text,,,,,
General Specimen Data,rin,RIN,numeric,0.0,99.0,decimal,,
General Specimen Data,rin_tissue_source,RIN Tissue Source,text,,,,,
General Specimen Data,rin_testing_organization,RIN Testing Organization,text,,,,,
General Specimen Data,rine,RINe,numeric,0.0,99.0,decimal,,
General Specimen Data,rine_tissue_source,RINe Tissue Source,text,,,,,
General Specimen Data,rine_testing_organization,RINe Testing Organization,text,,,,,
General Specimen Data,ph,pH,numeric,0.0,99.0,decimal,,
General Specimen Data,brain_weight,Brain Weight Measurement,numeric,0.0,9998.0,integer,gram,
General Specimen Data,weighed_type,Brain Tissue Weighed Type,exclusive_categorical,,,,,1/#/Fresh/#/|2/#/Frozen/#/|3/#/Fixed/#/
General Specimen Data,photo_2d_available,Photo 2d Available,exclusive_categorical,,,,,1/#/Yes/#/|2/#/No/#/
General Specimen Data,scan_3d_available,Scan 3d Available,exclusive_categorical,,,,,1/#/Yes/#/|2/#/No/#/
General Specimen Data,antemortem_mri_available,Antemortem MRI Available,exclusive_categorical,,,,,1/#/Yes/#/|2/#/No/#/
General Specimen Data,postmortem_mri_available,Postmortem MRI Available,exclusive_categorical,,,,,1/#/Yes/#/|2/#/No/#/
General Specimen Data,postmortem_mri_type,Postmortem MRI Type,exclusive_categorical,,,,,1/#/cadaveric/#/|2/#/fresh ex vivo/#/|3/#/fixed ex vivo/#/
Non-Brain Specimen Collected,non_brain_tissue_available,Non-Brain Tissue Available,exclusive_categorical,,,,,1/#/Yes/#/|2/#/No/#/
Non-Brain Specimen Collected,tissue_type,Tissue Type,exclusive_categorical,,,,,1/#/Adipose/#/Integumentary|2/#/Adrenal/#/Endocrine|3/#/Anus/#/Gastrointestinal|4/#/Aorta/#/Cardiovascular|5/#/Appendix/#/Gastrointestinal|6/#/Artery/#/Cardiovascular|7/#/Ascending Colon/#/Ascending Colon|8/#/Astrocytes/#/Other|9/#/Bladder/#/Urinary|10/#/Bone Rib/#/Musculo Skeletal|11/#/Breast/#/Endocrine|12/#/Bronchus/#/Respiratory|13/#/Cervical Spinal Cord/#/Cervical Spinal Cord|14/#/Colon Ascending/#/Gastrointestinal|15/#/Colon Descending/#/Gastrointestinal|16/#/CSF/#/CSF|17/#/DRG cervical/#/DRG cervical|18/#/DRG sacral/#/DRG sacral|19/#/DRG thoracic/#/DRG thoracic|20/#/Diaphragm/#/Musculo Skeletal|21/#/DNA/#/Other|22/#/DRG lumbar/#/DRG lumbar|23/#/Duodenum/#/Gastrointestinal|24/#/Esophagus/#/Esophagus|25/#/Eyes/#/Other|26/#/Fallopian Tube/#/Genital|27/#/Fibroblasts/#/Other|28/#/Gallbladder/#/Gastrointestinal|29/#/Hair/#/Integumentary|30/#/Heart/#/Cardiovascular|31/#/Ileum/#/Gastrointestinal|32/#/Jejunem/#/Gastrointestinal|33/#/Kidney/#/Urinary|34/#/Liver/#/Gastrointestinal|35/#/Long Bone/#/Musculo Skeletal|36/#/Lumbar Spinal Cord/#/Lumbar Spinal Cord|37/#/Lung/#/Respiratory|38/#/Lymph Node/#/Hematopoietic|39/#/Middle Ear Bone/#/Middle Ear Bone|40/#/Nail/#/Integumentary|41/#/Ovary/#/Genital|42/#/Pancreas/#/Gastrointestinal|43/#/Peripheral Nerve/#/Spinal Cord|44/#/Pineal/#/Endocrine|45/#/Pituitary/#/Endocrine|46/#/Placenta/#/Other|47/#/Plasma/#/Body Fluids|48/#/Prostate/#/Prostate|49/#/Psoas Muscle/#/Psoas Muscle|50/#/RBC/#/Body Fluids|51/#/RNA/#/Other|52/#/Sacral Spinal Cord/#/Sacral Spinal Cord|53/#/Serum/#/Body Fluids|54/#/Skin/#/Integumentary|55/#/Spleen/#/Hematopoietic|56/#/Stomach/#/Gastrointestinal|57/#/Systemic Tissue/#/Systemic Tissue|58/#/Temporalis Muscle/#/Temporalis Muscle|59/#/Testicle/#/Genital|60/#/Thoracic Spinal Cord/#/Thoracic Spinal Cord|61/#/Thymus/#/Hematopoietic|62/#/Thyroid/#/Endocrine|63/#/Tissue/#/Tissue|64/#/Tissue-other/#/Tissue-other|65/#/Tongue/#/Gastrointestinal|66/#/Tonsil/#/Hematopoietic|67/#/Trachea/#/Respiratory|68/#/Umbilical Cord/#/Other|69/#/Ureter/#/Urinary|70/#/Urinary Bladder/#/Urinary Bladder|71/#/Urine/#/Body Fluids|72/#/Uterus/#/Genital|73/#/Vein/#/Cardiovascular|74/#/Vitreous/#/Body Fluids|75/#/Vitreous Humor/#/Vitreous Humor|76/#/Whole Blood/#/Whole Blood/#/
Non-Brain Specimen Collected,tissue_type_details,Tissue Type Details,text,,,,,
Diagnoses,clinical_brain_diagnosis,Clinical Brain Diagnosis Available,exclusive_categorical,,,,,1/#/Yes/#/|2/#/No/#/
Diagnoses,clinical_brain_diagnosis_code,Clinical Brain Diagnosis Code,text,,,,,
Diagnoses,clinical_brain_diagnosis_confidence_level,Clinical Brain Diagnosis Confidence Level,exclusive_categorical,,,,,"1/#/Confirmed Diagnosis/#/Sufficient evidence exists to: 
1) make a clinical diagnosis based on medical history and neuropathological exam or genetic data, or 
2) make a clinical diagnosis by the consensus of expert clinicians, or 
3) confirm the absence of any brain-related diagnoses (i.e., Unaffected Control).|2/#/Investigator Impression/#/Diagnosis is based on the clinical impressions of the clinician reviewing the available information, but that information is insufficient to render a confirmed diagnosis.|3/#/Insufficient Data/#/The available information is insufficient to form a reasonable impression of, or to exclude, any brain-related diagnoses"
Diagnoses,genetic_diagnosis,Genetic Diagnosis Available,exclusive_categorical,,,,,1/#/Yes/#/|2/#/No/#/
Diagnoses,genetic_diagnosis_code,Genetic Diagnosis Code,text,,,,,
Diagnoses,genetic_diagnosis_confidence_level,Genetic Diagnosis Confidence Level,exclusive_categorical,,,,,"1/#/Confirmed Diagnosis/#/Sufficient evidence exists to: 
1) make a clinical diagnosis based on medical history and neuropathological exam or genetic data, or 
2) make a clinical diagnosis by the consensus of expert clinicians, or 
3) confirm the absence of any brain-related diagnoses (i.e., Unaffected Control).|2/#/Investigator Impression/#/Diagnosis is based on the clinical impressions of the clinician reviewing the available information, but that information is insufficient to render a confirmed diagnosis.|3/#/Insufficient Data/#/The available information is insufficient to form a reasonable impression of, or to exclude, any brain-related diagnoses"
Diagnoses,non_brain_diagnosis,Non Brain Diagnosis Available,exclusive_categorical,,,,,1/#/Yes/#/|2/#/No/#/
Diagnoses,non_brain_diagnosis_code,Non Brain Diagnosis Code,text,,,,,
Diagnoses,non_brain_diagnosis_confidence_level,Non Brain Diagnosis Confidence Level,exclusive_categorical,,,,,"1/#/Confirmed Diagnosis/#/Sufficient evidence exists to: 
1) make a clinical diagnosis based on medical history and neuropathological exam or genetic data, or 
2) make a clinical diagnosis by the consensus of expert clinicians, or 
3) confirm the absence of any brain-related diagnoses (i.e., Unaffected Control).|2/#/Investigator Impression/#/Diagnosis is based on the clinical impressions of the clinician reviewing the available information, but that information is insufficient to render a confirmed diagnosis.|3/#/Insufficient Data/#/The available information is insufficient to form a reasonable impression of, or to exclude, any brain-related diagnoses"
Infant Medical History,birth_weight_lbs,Birth Weight Value (lbs),numeric,0.0,100.0,decimal,pound,
Infant Medical History,birth_weight_oz,Birth Weight Value (oz),numeric,0.0,100.0,decimal,ounce,
Infant Medical History,gestational_age_value_weeks,Gestational Age Value (weeks),numeric,1.0,45.0,integer,week,
Infant Medical History,gestational_age_value_days,Gestational Age Value (days),numeric,0.0,6.0,integer,day,
Infant Medical History,apgar_5_minute_score_available,APGAR Five Minute Score Available,exclusive_categorical,,,,,1/#/Yes/#/|2/#/No/#/
Infant Medical History,apgar_5_minute_score,APGAR Five Minute Score,numeric,1.0,10.0,integer,,
Infant Medical History,apgar_10_minute_score_available,APGAR Ten Minute Score Available,exclusive_categorical,,,,,1/#/Yes/#/|2/#/No/#/
Infant Medical History,apgar_10_minute_score,APGAR Ten Minute Score,numeric,1.0,10.0,integer,,
Perinatal Neurologic Events,perinatal_neurologic_event_type,Perinatal Neurologic Event Type,exclusive_categorical,,,,,"PV001060/#/Subdural hemorrhage/#/|PV001054/#/Subarachnoid hemorrhage/#/|PV001055/#/Intraparenchymal hemorrhage/#/|PV001056/#/Intraventricular hemorrhage/#/|PV001057/#/Hypoxia/#/|PV001058/#/Other, specify/#/|PV001059/#/None/#/"
Perinatal Neurologic Events,perinatal_neurologic_event_type_specify,Perinatal Neurologic Event Type Specify,text,,,,,
Family History,family_history_available,Family History Available,exclusive_categorical,,,,,1/#/Yes/#/|2/#/No/#/
Family History,relative_type,Relative Type,exclusive_categorical,,,,,"PV000305/#/Biological Mother/#/|PV000306/#/Biological Father/#/|PV000307/#/Full sibling/#/Same biological mother and father, 50% genetic sharing|PV000308/#/Half sibling/#/|PV000309/#/Child/#/|PV000310/#/Maternal grandmother/#/|PV000311/#/Paternal grandmother/#/|PV000312/#/Maternal grandfather/#/|PV000313/#/Paternal grandfather/#/|PV000314/#/Maternal aunt/#/|PV000315/#/Paternal aunt/#/|PV000316/#/Maternal uncle/#/|PV000317/#/Paternal uncle/#/|PV000318/#/Maternal niece/nephew/#/|PV000319/#/Paternal niece/nephew/#/|PV000320/#/Maternal cousin/#/|PV000321/#/Paternal cousin/#/|PV000322/#/Grandchild/#/|PV000323/#/Great-grandchild/#/|PV000324/#/Other, specify/#/"
Family History,relative_type_specify,Relative Type Specify,text,,,,,
Family History,condition_type,Condition Type,exclusive_categorical,,,,,"PV000259/#/Alzheimer's disease/#/|PV000260/#/Amyotrophic lateral sclerosis (ALS)/#/|PV000261/#/Ataxia/#/|PV000262/#/Autism/#/|PV000263/#/Bi-polar disorder/#/|PV000265/#/Brain aneurysm/#/|PV000266/#/Cancer/#/|PV000270/#/Dementia/#/|PV000271/#/Depression/#/|PV000272/#/Diabetes mellitus/#/|PV000273/#/Dystonia/#/|PV000274/#/Epilepsy/#/|PV000276/#/Heart disease/#/a.k.a., cardiovascular disease or CVD|PV000295/#/Hypertension/#/|PV000281/#/Memory loss/#/|PV000282/#/Migraines/#/|PV000284/#/Multiple sclerosis/#/|PV000285/#/Muscle disease/#/|PV000286/#/Parkinson's disease/#/|PV000288/#/Schizophrenia/#/|PV000290/#/Stroke/#/|PV000292/#/Suicide or suicide attempt/#/|PV000293/#/Tourette syndrome/#/|PV000294/#/Other, specify/#/"
Family History,condition_type_specify,Condition Type Specify,text,,,,,
Infectious Disease Testing,test_name,Test Name,exclusive_categorical,,,,,"1/#/Hepatitis C Antibody /#/|2/#/Hepatitis B Surface Antigen/#/|3/#/Hepatitis B Surface Antibody/#/|4/#/Hepatitis B Core Antibody/#/|5/#/HIV-1/HIV-2 Plus O Antibody/#/|6/#/HIV-1/HIV-2 /#/|7/#/HIV-1 Antibody/#/|8/#/COVID-19 Virus (RT-PCR)/#/|9/#/Other, specify/#/"
Infectious Disease Testing,test_result,Result,exclusive_categorical,,,,,1/#/Positive (Reactive) /#/|2/#/Negative (Non-Reactive)/#/|3/#/Pending Result/#/|4/#/Borderline/#/
Infectious Disease Testing,tissue_source,Testing Tissue Source,exclusive_categorical,,,,,1/#/Whole Blood/#/|2/#/Plasma/#/|3/#/Brain/#/|4/#/Nasal Swab/#/|5/#/Serum/#/|6/#/Other/#/|7/#/Unknown/#/
Toxicology Screening,drugs_found,Drugs Found,exclusive_categorical,,,,,"1/#/10-Hydroxycarbazepine/#/|2/#/2-Furanylfentanyl/#/|3/#/4-ANPP/#/|4/#/6-Beta-Naltrexol - Free/#/|5/#/6-Monoacetylmorphine/#/|6/#/7-Amino Clonazepam/#/|7/#/7-Amino Flunitrazepam/#/|8/#/9-Hydroxyrisperidone/#/|9/#/Acetaminophen/#/|10/#/Acetone/#/|11/#/Acetyl Fentanyl/#/|12/#/Acrylfentanyl/#/|13/#/Alfentanil/#/|14/#/Alpha-Hydroxyalprazolam/#/|15/#/Alpha-Hydroxyetizolam/#/|16/#/Alprazolam/#/|17/#/Amitriptyline/#/|18/#/Amlodipine/#/|19/#/Amoxapine/#/|20/#/Amphetamine/#/|21/#/Aripiprazole/#/|22/#/Atomoxetine/#/|23/#/Atropine/#/|24/#/Barbiturates/#/|25/#/Benzodiazepines/#/|26/#/Benzoylecgonine/#/|27/#/Benztropine/#/|28/#/Bromazepam/#/|29/#/Brompheniramine/#/|30/#/Buprenorphine/#/|31/#/Buprenorphine / Metabolite/#/|32/#/Bupropion/#/|33/#/Bupropion Metabolite/#/|34/#/Buspirone/#/|35/#/Butalbital/#/|36/#/Butorphanol/#/|37/#/Butylone/#/|38/#/Butyrylfentanyl/#/|39/#/Caffeine/#/|40/#/Cannabinoids/#/|41/#/Carbamazepine/#/|42/#/Carbamazepine-10,11-Epoxide/#/|43/#/Carfentanil/#/|44/#/Carisoprodol/#/|45/#/Chlordiazepoxide/#/|46/#/Chlorpheniramine/#/|47/#/Chlorpromazine/#/|48/#/Citalopram / Escitalopram/#/|49/#/Clobazam/#/|50/#/Clomipramine/#/|51/#/Clonazepam/#/|52/#/Clonazolam/#/|53/#/Clonidine/#/|54/#/Clozapine/#/|55/#/Cocaethylene/#/|56/#/Cocaine/#/|57/#/Cocaine / Metabolites/#/|58/#/Codeine/#/|59/#/Cotinine/#/|60/#/Cyclobenzaprine/#/|61/#/Cyclopropylfentanyl/#/|62/#/Delorazepam/#/|63/#/Desalkylflurazepam/#/|64/#/Descarboethoxyloratadine/#/|65/#/Desipramine/#/|66/#/Desmethylcitalopram/#/|67/#/Desmethylclomipramine/#/|68/#/Desmethyldoxepin/#/|69/#/Desmethylloperamide/#/|70/#/Desmethylmirtazapine/#/|71/#/Desmethylsertraline/#/|72/#/Desmethyltrimipramine/#/|73/#/Dextro / Levo Methorphan/#/|74/#/Dextrorphan / Levorphanol/#/|75/#/Diazepam/#/|76/#/Dibutylone/#/|77/#/Dicyclomine/#/|78/#/Dihydrocodeine / Hydrocodol/#/|79/#/Diltiazem/#/|80/#/Diphenhydramine/#/|81/#/Donepezil/#/|82/#/Doxepin/#/|83/#/Doxylamine/#/|84/#/Duloxetine/#/|85/#/Duloxetine Breakdown Product/#/|86/#/EDDP/#/|87/#/Ephedrine/#/|88/#/Ephedrine / Pseudoephedrine/#/|89/#/Estazolam/#/|90/#/Eszopiclone / Zopiclone/#/|91/#/Eszopiclone / Zopiclone Breakdown/#/|92/#/Ethanol/#/|93/#/Ethinamate/#/|94/#/Ethosuximide/#/|95/#/Ethotoin/#/|96/#/Ethylmorphine/#/|97/#/Etizolam/#/|98/#/Felbamate/#/|99/#/Fentanyl/#/|100/#/Flecainide/#/|101/#/Flubromazepam/#/|102/#/Flubromazolam/#/|103/#/Fluconazole/#/|104/#/Flunitrazepam/#/|105/#/Fluoxetine/#/|106/#/Fluphenazine/#/|107/#/Flurazepam/#/|108/#/Fluvoxamine/#/|109/#/Gabapentin/#/|110/#/Gabapentin Breakdown Product/#/|111/#/Guaifenesin/#/|112/#/Haloperidol/#/|113/#/Hexobarbital/#/|114/#/Hydrocodone/#/|115/#/Hydromorphone/#/|116/#/Hydroxybupropion/#/|117/#/Hydroxychloroquine/#/|118/#/Hydroxyethylflurazepam/#/|119/#/Hydroxytriazolam/#/|120/#/Hydroxyzine/#/|121/#/Ibuprofen/#/|122/#/Iloperidone/#/|123/#/Imipramine/#/|124/#/Isopropanol/#/|125/#/Ketamine/#/|126/#/LSD/#/|127/#/Lacosamide/#/|128/#/Lamotrigine/#/|129/#/Levamisole/#/|130/#/Levetiracetam/#/|131/#/Lidocaine/#/|132/#/Loperamide/#/|133/#/Loratadine/#/|134/#/Lorazepam/#/|135/#/Loxapine/#/|136/#/MDA/#/|137/#/MDEA/#/|138/#/MDMA/#/|139/#/Meclizine/#/|140/#/Memantine/#/|141/#/Meperidine/#/|142/#/Mepivacaine/#/|143/#/Meprobamate/#/|144/#/Mescaline/#/|145/#/Mesoridazine/#/|146/#/Metaxalone/#/|147/#/Methadone/#/|148/#/Methamphetamine/#/|149/#/Methanol/#/|150/#/Methaqualone/#/|151/#/Methocarbamol/#/|152/#/Methoxetamine/#/|153/#/Methylphenidate/#/|154/#/Metoprolol/#/|155/#/Metronidazole/#/|156/#/Midazolam/#/|157/#/Milnacipran/#/|158/#/Mirtazapine/#/|159/#/Mitragynine/#/|160/#/Monoethylglycinexylidide (MEGX)/#/|161/#/Morphine/#/|162/#/N-Acetylprocainamide/#/|163/#/N-ethyl Pentylone/#/|164/#/Nalbuphine/#/|165/#/Naloxone/#/|166/#/Naltrexone/#/|167/#/Naltrexone - Free/#/|168/#/Naproxen/#/|169/#/Naproxen Breakdown Product/#/|170/#/Nicotine/#/|171/#/Norbuprenorphine - Free/#/|172/#/Norclozapine/#/|173/#/Norcodeine/#/|174/#/Norcyclobenzaprine/#/|175/#/Nordiazepam/#/|176/#/Norfentanyl/#/|177/#/Norflunitrazepam/#/|178/#/Norfluoxetine/#/|179/#/Norhydroxyzine/#/|180/#/Norketamine/#/|181/#/Normeperidine/#/|182/#/Norpropoxyphene/#/|183/#/Norpseudoephedrine/#/|184/#/Norpseudoephedrine / Phenylpropanolamine/#/|185/#/Nortriptyline/#/|186/#/O-Desmethyltramadol/#/|187/#/O-Desmethylvenlafaxine/#/|188/#/Olanzapine/#/|189/#/Ondansetron/#/|190/#/Opiates/#/|191/#/Other Findings/#/|192/#/Oxazepam/#/|193/#/Oxycodone/#/|194/#/Oxycodone / Oxymorphone/#/|195/#/Oxymorphone/#/|196/#/Papaverine/#/|197/#/Paroxetine/#/|198/#/Pentazocine/#/|199/#/Pentobarbital/#/|200/#/Perphenazine/#/|201/#/Phenazepam/#/|202/#/Phencyclidine/#/|203/#/Pheniramine/#/|204/#/Phenobarbital/#/|205/#/Phensuximide/#/|206/#/Phentermine/#/|207/#/Phenylethylmalonamide (PEMA)/#/|208/#/Phenylpropanolamine/#/|209/#/Phenyltoloxamine/#/|210/#/Phenytoin/#/|211/#/Primidone/#/|212/#/Procainamide/#/|213/#/Prochlorperazine/#/|214/#/Promazine/#/|215/#/Promethazine/#/|216/#/Propofol/#/|217/#/Propoxyphene/#/|218/#/Protriptyline/#/|219/#/Pseudoephedrine/#/|220/#/Psilocin/#/|221/#/Pyrilamine/#/|222/#/Quetiapine/#/|223/#/Quinidine/#/|224/#/Quinine/#/|225/#/Risperidone/#/|226/#/Rufinamide/#/|227/#/Salicylates/#/|228/#/Scope Statement/#/|229/#/Secobarbital/#/|230/#/Sertraline/#/|231/#/Sildenafil/#/|232/#/Strychnine/#/|233/#/Sufentanil/#/|234/#/Tadalafil/#/|235/#/Tapentadol/#/|236/#/Temazepam/#/|237/#/Tetrahydrozoline/#/|238/#/Theobromine/#/|239/#/Theophylline/#/|240/#/Thioridazine/#/|241/#/Thiothixene/#/|242/#/Ticlopidine/#/|243/#/Topiramate/#/|244/#/Topiramate Breakdown Product/#/|245/#/Tramadol/#/|246/#/Tramadol Metabolite/#/|247/#/Trazodone/#/|248/#/Triazolam/#/|249/#/Trifluoperazine/#/|250/#/Trimethoprim/#/|251/#/Trimipramine/#/|252/#/Triprolidine/#/|253/#/U-47700/#/|254/#/Valerylfentanyl/#/|255/#/Vardenafil/#/|256/#/Venlafaxine/#/|257/#/Venlafaxine Metabolite/#/|258/#/Verapamil/#/|259/#/Warfarin/#/|260/#/Xylazine/#/|261/#/Yohimbine/#/|262/#/Zaleplon/#/|263/#/Ziprasidone/#/|264/#/Zolpidem/#/|265/#/Zonisamide/#/|266/#/alpha-PVP/#/|267/#/cis-3-Methylfentanyl/#/|268/#/mCPP/#/|269/#/para-Fluoroisobutyrylfentanyl/#/|270/#/trans-3-Methylfentanyl/#/|271/#/Other findings, specify/#/"
Toxicology Screening,drugs_found_specify,Drugs Found Specify,text,,,,,
Toxicology Screening,toxicology_result,Toxicology Result,text,,,,,
Toxicology Screening,toxicology_report_level,Toxicology Report level,text,,,,,
Toxicology Screening,toxicology_units,Toxicology Units,text,,,,,
Neuropathological Diagnoses,artifacts,Artifacts,exclusive_categorical,,,,,1/#/Yes/#/|2/#/No/#/
Neuropathological Diagnoses,artifacts_type,Artifacts Type,exclusive_categorical,,,,,"1/#/gross: brain removal/dissection/#/|2/#/microscopic: autolysis/#/|3/#/Other, specify/#/"
Neuropathological Diagnoses,artifacts_type_specify,Artifacts Type Specify,text,,,,,
Neuropathological Diagnoses,developmental,Developmental,exclusive_categorical,,,,,1/#/Yes/#/|2/#/No/#/
Neuropathological Diagnoses,developmental_type_specify,Developmental Type Specify,text,,,,,
Neuropathological Diagnoses,inflammatory,Inflammatory,exclusive_categorical,,,,,1/#/Yes/#/|2/#/No/#/
Neuropathological Diagnoses,inflammatory_type_specify,Inflammatory Type Specify,text,,,,,
Neuropathological Diagnoses,infectious,Infectious,exclusive_categorical,,,,,1/#/Yes/#/|2/#/No/#/
Neuropathological Diagnoses,infectious_type_specify,Infectious Type Specify,text,,,,,
Neuropathological Diagnoses,traumatic,Traumatic,exclusive_categorical,,,,,1/#/Yes/#/|2/#/No/#/
Neuropathological Diagnoses,traumatic_type,Traumatic Type,exclusive_categorical,,,,,"1/#/Contusion/#/|2/#/Chronic traumatic encephalopathy/#/|3/#/Other, specify/#/"
Neuropathological Diagnoses,traumatic_type_specify,Traumatic Type Specify,text,,,,,
Neuropathological Diagnoses,vascular,Vascular,exclusive_categorical,,,,,1/#/Yes/#/|2/#/No/#/
Neuropathological Diagnoses,vascular_type,Vascular Type,exclusive_categorical,,,,,"1/#/Acute infarct/#/|2/#/Chronic infarct/#/|3/#/Hemorrhage/#/|4/#/Other, specify/#/"
Neuropathological Diagnoses,vascular_type_specify,Vascular Type Specify,text,,,,,
Neuropathological Diagnoses,neoplastic,Neoplastic,exclusive_categorical,,,,,1/#/Yes/#/|2/#/No/#/
Neuropathological Diagnoses,neoplastic_type,Neoplastic Type,exclusive_categorical,,,,,"1/#/Intrinsic/#/|2/#/Metastasis/#/|3/#/Other, specify/#/"
Neuropathological Diagnoses,neoplastic_type_specify,Neoplastic Type Specify,text,,,,,
Neuropathological Diagnoses,aging,Aging,exclusive_categorical,,,,,1/#/Yes/#/|2/#/No/#/
Neuropathological Diagnoses,aging_type,Aging Type,exclusive_categorical,,,,,"1/#/pTau/#/|2/#/pTDP-43/#/|4/#/atherosclerosis/#/|5/#/arteriolosclerosis/#/|3/#/Other, specify/#/"
Neuropathological Diagnoses,aging_type_specify,Aging Type Specify,text,,,,,
Neuropathological Diagnoses,neurodegenerative,Neurodegenerative,exclusive_categorical,,,,,1/#/Yes/#/|2/#/No/#/
Neuropathological Diagnoses,neurodegenerative_type,Neurodegenerative Type,exclusive_categorical,,,,,"1/#/Beta Amyloid/#/|2/#/pTau/#/|3/#/pTDP-43/#/|4/#/alpha-synuclein/#/|5/#/Other, specify/#/"
Neuropathological Diagnoses,neurodegenerative_type_specify,Neurodegenerative Type Specify,text,,,,,
