Field Name,Full Field Name,Definition/Description ,Data Example,Identifier/Metadata,Data Type,Required/Optional,Required for Alignment,Project/Institution,Editor,Other Notes
Cell_prep_name,,"name of cell or nuclei prep from an ROI_specimen_name, can generate multiple FACS_containers",20211201_606555.001,Identifier,Text,Required,,UM1 Lein (HMBA),Kimberly Smith,
facs_population_plan,,FACS conditions,No FACS,Metadata,ValueSet,Required,,UM1 Lein (HMBA),Kimberly Smith,
cell_prep_type,,sample type (Cells/Nuclei),Nuclei,Metadata,ValueSet,Required,,UM1 Lein (HMBA),Kimberly Smith,
studies,Studies,Study set,Aging_Mouse,Metadata,Text,Required,,UM1 Lein (HMBA),Kimberly Smith,
cell_prep_container,,container (strip or tube or plate) from a cell_prep_name containing dissociated cells,M2XM_211201_201-R,Identifier,Text,Required,,UM1 Lein (HMBA),Kimberly Smith,
expc_cell_capture,,Expected Cell/Nuclei captured,10000,Metadata,Integer,Optional,,UM1 Lein (HMBA),Kimberly Smith,
sample_name,Sample Name,"10x port or SmartSeq well from a cell prep container, generally leading to one library (not used in PatchSeq)",M2XM_211201_201-R_B01,Identifier,Text,Required,,UM1 Lein (HMBA),Kimberly Smith,
sample_quantity_count,Sample Quantity Count,Total Cells/Nuclei loaded,16307,Metadata,Integer,Required,,UM1 Lein (HMBA),Kimberly Smith,
sample_quantity_pg,,Sample quant pg,NA,Metadata,Integer,Optional,,UM1 Lein (HMBA),Kimberly Smith,
load_name,Load Name,"Load name for 10x, can lead to multiple libraries, needed especially for Multiome library unification",965_B02,Identifier,Text,Required,Yes,UM1 Lein (HMBA),Kimberly Smith,
port_well,Port Well,10x port well ,B02,Metadata,Text,Optional,,UM1 Lein (HMBA),Kimberly Smith,
chemistry,Chemistry,Library method/chemistry,10xMulti,Metadata,ValueSet,Required,Yes,UM1 Lein (HMBA),Kimberly Smith,
rna_amplification_set,RNA Amplification Set,Amp plate/Amp set,A8XR_211207_01,Identifier,Text,Required,,UM1 Lein (HMBA),Kimberly Smith,
rna_amplification,RNA Amplification,Amp well,A8XR_211207_01_B01,Identifier,Text,Required,,UM1 Lein (HMBA),Kimberly Smith,
amp_date,Amplification Date,Amp Date,12/7/21,Metadata,Date,Optional,,UM1 Lein (HMBA),Kimberly Smith,
pcr_cycles,,number of PCR cycles,8,Metadata,Integer,Optional,,UM1 Lein (HMBA),Kimberly Smith,
percent_cdna_longer_than_400bp,,% cDNA >400bp,1.046,Metadata,Integer,Optional,,UM1 Lein (HMBA),Kimberly Smith,
rna_amplification_pass_fail,RNA Amplification Pass Fail,Amp Pass/Fail (lab),Pass,Metadata,ValueSet,Required,,UM1 Lein (HMBA),Kimberly Smith,
amplified_quantity_ng,,Amp quant ng,129.8939955,Metadata,Integer,Optional,,UM1 Lein (HMBA),Kimberly Smith,
lib_date,,library date,12/9/21 8:00,Metadata,Date,Optional,,UM1 Lein (HMBA),Kimberly Smith,
library_prep_set,,library plate or library set,L8XR_211209_01,Identifier,Text,Required,,UM1 Lein (HMBA),Kimberly Smith,
library_name,Library_name,library id,L8XR_211209_01_F09,Identifier,Text,Required,,UM1 Lein (HMBA),Kimberly Smith,links to library aliquot name
library_input_ng,,library input,129.8939955,Metadata,Integer,Optional,,UM1 Lein (HMBA),Kimberly Smith,
avg_size_bp,,library avg size bp,482,Metadata,Integer,Optional,,UM1 Lein (HMBA),Kimberly Smith,
quantification2_ng,,library quant ng,1376.612572,Metadata,Integer,Optional,,UM1 Lein (HMBA),Kimberly Smith,
quantification_fmol,,library quant fmol,4327.337394,Metadata,Integer,Optional,,UM1 Lein (HMBA),Kimberly Smith,
quantification2_nm,,library quant nm,123.6382113,Metadata,Integer,Optional,,UM1 Lein (HMBA),Kimberly Smith,
library_prep_pass_fail,,library Pass/Fail (lab),Pass,Metadata,ValueSet,Required,,UM1 Lein (HMBA),Kimberly Smith,
index_sequence_pair,Index Sequence Pair,index sequence for each library_aliquot_name,GTCCCATCAA-GTCACGTTCG,Metadata,Text,Required,Yes,UM1 Lein (HMBA),Kimberly Smith,
r1_index,,index1 for each library_name,SI-TT-F9_i7,Metadata,Text,Required,,UM1 Lein (HMBA),Kimberly Smith,
r2_index,,index1 for each library_name,SI-TT-F9_ai5-as,Metadata,Text,Required,,UM1 Lein (HMBA),Kimberly Smith,
,,,,,,,,,,